{"IcoMoonType":"selection","icons":[{"icon":{"paths":["M714.377 150.857h-403.278l-105.381 150.857h615.625z","M324.571 0h374.857v86.857h-374.857v-86.857z","M201.143 365.714v658.286h621.714v-658.286h-621.714zM434.286 722.286h-31.831l0.814-100.571h-0.608l-37.225 100.571h-24.274l-36.21-100.571h-0.608l0.809 100.571h-35.438v-141.714h52.032l32.567 91.429h0.809l31.15-91.429h48.014v141.714zM498.286 722.286h-32v-141.714h32v141.714zM617.143 722.286h-86.857v-141.714h32v114.286h54.857v27.429zM724.11 722.286l-53.202-64h-3.479v64h-32v-141.714h32v59.429h3.685l51.177-59.429h43.291l-61.696 65.193 65.339 76.521h-45.115z"],"attrs":[{},{},{}],"isMulticolor":false,"isMulticolor2":false,"grid":0,"tags":["milk2"]},"attrs":[{},{},{}],"properties":{"order":5,"id":0,"name":"milk2","prevSize":32,"code":59648},"setIdx":0,"setId":2,"iconIdx":0}],"height":1024,"metadata":{"name":"icomoon"},"preferences":{"showGlyphs":true,"showQuickUse":true,"showQuickUse2":true,"showSVGs":true,"fontPref":{"prefix":"icon-","metadata":{"fontFamily":"icomoon"},"metrics":{"emSize":1024,"baseline":6.25,"whitespace":50},"embed":false},"imagePref":{"prefix":"icon-","png":true,"useClassSelector":true,"color":0,"bgColor":16777215,"classSelector":".icon"},"historySize":50,"showCodes":true,"gridSize":16}}